create_time|ip_location|user_id|nickname|content|isWakeSpammer
1712062923|上海|6890820432|德约不夺25个大满贯不改名|哈哈哈，关于中国的除了老龄化和生育率下滑，其他没一个靠谱|1
1712090572|福建|2435935953|英燚燚|小国要研发无人潜艇，或者巨型鱼雷，用很慢的速度部署在重要水道，发现来犯军舰唤醒攻击|0
1712066380|陕西|6437279952|人总要有所坚信|赶紧去精神病院看看吧以免耽误治疗|1
1712081304|江苏|7523678933|haku小粉红|那奇怪了，之前的锆石是从哪里打出来的？难道是军港里直接发射的吗？|1
1712065035|安徽|2936834854|深藏Blue_star皆空|中国快速进入老年社会，生育率继续下滑VS中国的房地产再一次强劲复苏，经济腾飞……这两个天然敌对的，怎么可能同时发生？|0
1712082212|云南|7887698896|用户7887698896|如此海军价值何在？|1
1712064265|北京|2245172435|吾心荡漾尔心飞扬|没睡醒吧|1
1712084865|江西|7893937983|普拉多29448|那还要这个舰队干嘛？留着浪费电吗|1
1712067819|北京|1261072830|我就是一个画图的|但凡有俩菜，至于喝成这样？|1
1712077536|河北|2173375143|投射光影|转发微博|0
1712090998|四川|1875235237|蛙先生-A|除了第八条  全部都不会发生  |0
1712086529|湖南|7333942229|木栖201704|原来国内这么多🐶|1
1712063668|广东|3828161422|凌天魂隐|有期望是好事，但期望越大，失望越大，我跟你说过很多次，做人要脚踏实地！呐！这里有一份洗厕所的工作，你先做着！|1
1712083490|山东|7309993576|蟹皇堡YL|不是被乌克兰打怕，是被整个欧盟＋美国打大残了。|0
1712067208|山东|6940077523|一本正经一根筋|我有一个想法，不知道可不可以，就是我们能不能把房地产行业发展到国外，这样既能带动其他国家经济的发展又能解开我国目前的困局，不知可行否。|0
1712069307|安徽|1725461947|葵文阁|没有一条是对的|1
1712062292|浙江|7758296199|用户7758296199|吹房地产就算了|1
1712063879|广东|3883718291|合艺电商|中国的经济由于房地产强劲复苏带动起来，这条依据是什么|0
1712069244|吉林|7767334494|超级顶呱呱_|除了进入老年社会生育率下滑，其它的都是废话，反话！|1
1712062319|山西|6400701857|软软的董|赶紧上盘花生米|1
1712070595|广西|5836308201|邕州六哥|有点新闻联播的味道，可以反着看|1
1712071665|澳大利亚|7887735038|qnxaogng|中国房地产难以强劲，有支付能力刚性需求不足。现今应基本停批住宅商旅写字楼用地，严控工业用地。|0
1712079193|湖南|7580752344|欣欣对星星|上述事件大部分会发生，但不是一年两年，十年内有可能。|0
1712067068|四川|7584068145|MR-大厨|俄乌战争结束，乌克兰还存在吗？100%被瓜分|0
1712069160|北京|6609528351|逍遥王6609528351|为什么中国经济的腾飞必须依靠房地产？就凭这一条不靠谱的猜测，其它的也就都不可信了|1
1712079602|甘肃|7898032285|糟糕我怎么瘦了丨可恶|一半美好愿景，一半胡言乱语|1
1712010859|四川|1700788847|迷迷胡胡|社死 也不至于自愿去送死吧|0
1712018412|广东|2679855362|哇大宋悠|长得也不帅啊，怎么那么多人亲|1
1712011818|广西|1833676644|樱花突击队|被自愿了|0
1712045347|广东|1895079214|张鱼小丸子啊啊啊啊|确定是自愿？要自愿之前不去？？|1
1712046589|浙江|1100147943|郭春晖律师|原来是上演“吻别”啊！|1
1712011463|四川|7527882141|杰克·许|前方吃紧后方紧吃|0
1712048090|内蒙古|5875986641|我真的每天都烦得很|这玩意儿上前线我怀疑会先被自己人弄s你想想士兵看完新闻估计气坏了，自己在前线卖命，当官的在后方还扯毛楼呢，这在前线遇见他们能让他好？|1
1712010980|河南|1695245812|秋山几又重|要是没曝光呢，自愿在后方亲吻女同事？|1
1712047463|四川|6054699760|世景荣|这工作挺好啊  亲来亲去的|1
1712054234|江苏|1252598425|乘月待晓的剑侠之星|泽连:汝妻子吾养之，汝无虑也|1
1712054417|河北|7498111606|张家的王王子|快点si球|1
1712048058|辽宁|6074918335|howyoung1997|哈哈哈，乌克兰也是够奇葩的了|1
1712048239|江苏|5973957519|晒太阳的老咸鱼|走走过场罢了，估计去了也是后勤部队|0
1712036438|江苏|1774283674|Jackson_默|咱国内是么的新闻了？|0
1712060962|河北|6817586473|驴憨憨丶|估计过几天又能看见他的新闻了|0
1712052530|广东|3013238131|八月在野tz|去前线祸害女兵了？|1
1712050081|江苏|7476722104|荼靡一夏-|他一点也不留恋啊|0
1712047527|广西|2336698585|锦鲤阿魁一夜暴富|幸福喔|0
1712046730|江苏|2903569401|朗姆提子拉米苏|是三个？|0
1712046511|浙江|1908336313|节令有味|吻别|0
1712091827|四川|1671109627|包容万物恒河水|防空是这样的，你看以色列那么小，无人机和火箭还老漏呢，真主党最近砸以色列北部，老是命中了才拉警报//@小柿子soul:飞了这么远没被发现|0
1712089796|浙江|7792867100|Fotoreceptor|歼6的无人机未来是不是这样|0
1712089808|河南|7596164403|赛博话实|乌克兰当前|0
1712091091|辽宁|2447561973|小柿子soul|飞了这么远没被发现|0
1712090929|河北|5656549853|洺河渡口|大学生∶哥们长点眼，OK？|1
1712091033|福建|1418942627|涅槃的冰|小型飞机上改装上远程遥控手柄，配上星链直接远程遥控…|0
1712092359|山东|5531345314|Apyotepa|那咱的 j678 不比这玩意劲儿大 还飞的快|0
1712089662|江苏|1433257034|宇轩lol|看这飞机的外观，还以为穿越回一战了…|1
1712090110|江苏|2883029434|小僧法号-瞎溜|第二次“红场事件”|0
1712090382|北京|6585925703|绿叶素荣_纷其可喜兮|这一路上就没个雷达发现？！|1
1712073557|重庆|7833460409|长云L|……中国的房地产再一次强劲复苏？…… 中国闲置的住房量有多少？看看水电气用量为0的户头，就清楚了。再过10年，一些老年人走了，住房不可能拆了，闲置量也许还会增加。|0
1712067806|广东|7480383208|罗叉嗨市花妖|房地产???|0
1712081765|广东|2795532717|手机用户2795532717|六个钱包都快掏空了，房地产还那来的复苏|0
1712068555|江苏|7758718590|米哈游厚乳原神|现在是幻想时间|0
1712068421|江苏|6251564990|名字不会起_规矩太多|喂，醒醒了，该搬砖了|1
1712078491|浙江|6677136827|皓月当空198612|这是四月一号愚人节写的吧，想象力够丰富|1
1712083245|河南|1645475060|鼠弟龙兄|中国的房地产再一次强劲复苏，经济腾飞。这话吹大了，害了自己还准备害下一代|1
1712062136|四川|5260716991|三经元仁|拭目以待 … . …|0
1712081930|安徽|7378818021|庐州夜雨打芭蕉|以乌克兰人的尿性，和波兰一样，是甘于寂寞的人么？迟早得灭国。乌克兰压根和俄罗斯同种，俄罗斯人缺乏安全感也不会允许乌克兰长期存在|1
1712071187|上海|1494895712|闵行爱和平|既然是做梦，不如梦想一下年轻人疯狂结婚疯狂生孩子|1
1712065239|江苏|5409303371|永远28要发|你说的是反话吧！|0
1712075143|山东|2796113361|TINGEM会飞不会跑|核废水那条就算了，白皮不知道偷偷倒了多少了，他们看来不算大事估计|0
1712071218|湖南|5573940759|暴走的浩克|以上，是来自中金前员工的精准预测|0
1712085126|广西|7587749818|老北京巨无霸|几个菜啊，喝成这样|1
1712092184|福建|7355038068|柯伊伯外那个老文|房地产还是歇歇吧，复苏给谁住呀人口都滑坡了|0
1712062656|山东|2270786533|老权1949|你说的都是我希望发生的，怎么巧|0
1712081140|四川|3165495812|Meijiu佳人|希望我泱泱中华越来越好 统管全世界美国给中国搽屁股|0
1712081657|新疆|1801431915|疯道人-阿千|他们这种战术，中国这边几乎无解|0
1712081096|江苏|7493695194|翡翠梦境漫步者|关键是对方公然谈论对华战争，然后这边一群人还想着哪种跪资更好看|0
1712083631|日本|7868388770|当代刘罗锅|就是想和你打消耗，打游击。赌你不敢核他本土|0
1712084052|陕西|2799073110|Ward_W|那为啥不和日本人学学，比如实在没粮了怎么吃同伴|1
1712086244|河北|5908044086|山河匹夫|呵呵，他们埋伏反舰导弹，咱们上长航时无人抓，他们还得上防空导弹，咱们派更多无人机，，，他还是得来防空舰|0
1712083286|澳大利亚|7900547411|尾崎薮叶Serval|我们美国人自古以来就是漂洋过海生存的民族，现在你们漂洋过海在陆地上却找不到食物，真可耻！|1
1712084181|山东|6576813288|村支书008|他们不知道对手与俄罗斯完全不同，在海上小岛，根本就不要管他们，把他们登陆的工具都收拾以后，就等他们当鲁滨孙，经常派些无人机到岛上上空转转，主岛都没有了，小岛还有什么可大游击的。|0
1712081127|浙江|1763002705|后浪韭菜|帝国啥时候受过这气|0
1712081772|上海|2681720701|小酱瓜丁|这是当野人去了？|1
1712085326|上海|1917611251|不做皇民李登辉|以前他们是按住鼠标左键一框，然后直接A过去的。现在怎么这么苦了。|0
1712083972|浙江|3172848323|王唬的建秋|四等人这种要钱法把帝国脸都丢完了|1
1712091548|上海|7855720408|我是Baloga|四等人，差点以为说我们（汉人）了|0
1712088590|浙江|1325292403|tttttt123456|只要兔子下决心干菲猴子，事情就好办了。|0
1712089443|重庆|1281476195|科学文化郑军|练一练比无人机跑得快|0
1712055443|广东|2443143731|财源滚滚来2022|老壶认为，画可以抄得到，但钢铁意志它们是抄不到的|0
1712055512|广东|7848343231|苏打水山|总想跟中国扯上关系。普大帝快点搞掂吧|1
1712061048|山西|1854755394|提尔的霞光|说明那时候我们的文宣比现在强太多了，现在文宣一堆美帝喉舌|0
1712055883|江苏|6699057513|飞翔蓝狐|版权费付了没？|1
1712057209|安徽|7794121102|浪浪山巡山小猪妖|这图风格也是模仿苏联的，乌克兰以前也是苏联的，转一圈回来也不算模仿|0
1712058841|河北|6008589277|动力板砖go|右边👉🏻是什么旗子？|0
1712055930|广东|7721502092|D_unknown|最好在外网多转发些，然后告诉他们原画是什么|0
1712055965|上海|7412326045|兴业路76号隔壁|雄赳赳，气昂昂，跨过第博聂。|0
1712056146|广东|6293311976|思维的跃迁|抄创意就算了，还把武器款式都抄得一摸一样|0
1712055290|上海|7444137214|飞翔的虎兔|中国志愿军威名远扬|0
1712066805|北京|1743305312|藕羹大叔|乌克兰殊不知他们真正的敌人就是美国鬼子。|1
1712065861|江苏|1591486022|Ing_C|啥意思，这鸟克兰是在揭它们美爹的伤疤？|1
1712061631|河南|6222810822|兰色冰幽6|乌克兰这是在侮辱志愿军。妈的，志愿军是保家卫国，他们是纳粹。岂可类比|1
1712078424|河南|7651351212|盛夏花知晓|//@飞翔的虎兔:中国志愿军威名远扬|0
1712075957|广东|7848507612|知行知行知行|你就让那群北约遗腹子说说北约炸我们大使馆做什么？？|0
1712057552|河北|1435942597|大熊猫_121|不规范抄袭|0
1712060341|江苏|6402036724|屋后房前院子一片|你发这个，问过老胡了没有。它哦不他什么指示。|0
1712058527|天津|1177909927|vV王者超凡Vv|战斗力差着一个银河系画的差不多有屁用啊|1
1712068753|广东|6617979519|探戈前进|朝鲜战争 还是以前的画写实，宣传给力，有点火药味的宣传才是强力的回击|0
1712083470|吉林|5909150289|埃佛勒斯8848|有个给将军打扫车库的，发视频被揭发了，送到前线不久就挂了，哪有人自愿送死啊|0
1712071981|辽宁|2669902043|锅爱轮|幽门螺旋杆菌了解一下|1
1712071820|辽宁|5153516542|陌小渡2|乌军这能赢么？都肾虚了|1
1712065537|江苏|5243644318|Ruakyll|你猜是谁曝光出来的这个角度难道是他自己放的摄像头？|0
1712062587|印度尼西亚|6003489514|CCCSON14|前方吃紧，后方紧吃 |1
1712062382|云南|1381818102|木易字旁|《吻别》|1
1712062346|四川|1854203435|sailinghippo|night watch去了|0
1712061288|广东|1178800433|Alologo|好明显被人整|0
1712060999|山东|6274525395|走吧皮皮虾888|被自愿|1
1712060137|湖北|7768004664|超距猫|可惜了，是个熊|1
1712059397|四川|5989629801|寒门无窗|前方吃紧，后方“紧吃”|1
1712052473|甘肃|6134839998|美妙的色彩斑斓|咋做到和每个接吻的|0
1712052332|重庆|2509442335|祥和_随囍|这个笑话真的好好笑。不同的女同事|0
1712051485|四川|3173993320|尾巴短了点|看成了鸟警官|1
1712051473|山东|1048037025|风行流云521|明日边缘|0
1712051460|山西|1429873794|茉莉_w|挺好，可以放飞自我|0
1712050337|广东|2922064570|六边形冒险家|@抓虫高手 …|0
1712049927|陕西|5582164861|这个逗X的世界|被自愿|1
1712049158|四川|5177237680|叶片间滚动的露珠|把乌克兰美女运过来，挑一个当老婆|1
1712048974|山东|2397861847|辛德瑞拉的眼泪很珍贵|没过多久传来阵亡的消息|0
1712082294|北京|1498615832|tony铁骨|让无人机追着满地跑|0
1712088922|英国|1552024843|Voido-Li|猪和山羊？？？哪个岛上有？|0
1712084762|北京|2280961474|吾心安触|美国人能够适应被打地鼠的角色？|0
1712086191|辽宁|5619059562|美美美的冰淇淋|夭寿啦，帝国都沦落到山上打游击啦|1
1712085380|四川|1534824391|提菜刀的书生|人家都在公开讨论要和你打，老胡还在大呼“中美友好”，我去你大爷|1
1712084150|广东|5619984225|jet_shuyao|没啥卵用，滚回去吃披萨喝咖啡去吧|1
1712004977|浙江|1186041021|渔樵孟诸233|一片白纸更容易建设|0
1712005830|辽宁|1790892365|仗剑踏歌行_Hung|只希望，真得战争的时候，正常人可以记得这些教训。闭嘴听话，别扯什么残忍|0
1712012022|江苏|2033669840|目光一样透明的|支持统一的才是同胞，攻击我方人员的全部都是敌对分子，必须击毙，霹雳手段，方显菩萨心肠|0
1712005240|江苏|2637890713|李同学怀旧|我感觉我们的决策没有那么坚决，要经历一个牺牲过程才可能启动。|0
1712014244|江苏|2493807133|不左不右张白圭|俄乌的战事真是值得好好研究，对敌人的任何仁慈，都会造成己方巨大损失。快刀斩乱麻速战速决，别用钝刀慢剐。|0
1712006342|广东|6824588010|nicheng1958|慈不掌兵|0
1712006417|四川|7268813045|学学菜刀|对敌人仁慈，就是对同志残忍。|0
1712024741|辽宁|7601833391|浮云蔽白日昵称真难起|就看如今政府对舆情的战战兢兢和网络舆情的现状，到时候铺天盖地、山崩海啸的攻击和责难能应付得了吗？|0
1712013962|天津|3431758192|礼奈出没注意|普京心善本来是个梗，现在倒好，成了纪实文学|1
1712007308|吉林|2685619533|沉默寡言红毒蛇|贼鹰下场需要珍珠港，我们承平四十年了，不见点血，很难动员老百姓的。就看谁给递枕头了。未来几年少去人多的地方|0
1712018451|福建|1646251527|字段读取错误|北约当年炸南联盟就是这样摧毁对方战斗意志的。|0
1712005183|江苏|7813746846|究天地-|打烂了重建，也算是消耗一波剩余产能|0
1712022816|广东|1877130337|x机师|第一个要炸烂的就是台积电，所有厂区都炸掉。|0
1712007946|北京|1265167535|汉嫖妓将军|俄罗斯如果经济实力很强，在最初突袭基辅时能动员并集结更多的兵力、投放更多的精确制导弹药，应该也是可以在不过度针对普通乌克兰居民、一般民用设施的前提下解决问题的。|0
1712012030|江西|5257156591|芯姨87914|对，战场上不是你死就是我亡，不希望我们的子弟兵解放军有太多伤亡|0
1712045746|贵州|3899464377|老夏老了|战争从来都是你死我活的事，对于敌人的一切必须要去摧毁|0
1712008631|河南|7533030793|用户7533030793|解决台湾，我们只允许打三天。炸弹管够，严禁巷战。|0
1712011600|江西|6258352192|看到以色列就恶心|变电站炸了，几个月就能修好，发电站炸了，没几年修不好|0
1712044510|山东|7573677169|卖梨的郓哥|我觉得普京就是干大事而惜身，这么大的事，还在乎什么名声，战争一开始，就应该全力打击乌克兰的军事基地、发电长、工厂、交通枢纽、道路桥梁、水坝等等。可惜普京无能，白白死了那么多人|0
1712007948|广东|5452937120|中裕华A|摧毁全部建筑物极短时间结束减少两方伤亡|0
1712085585|广西|5264718186|只为伊人飘香牛仔|如果法律规定做这种预测而不正确的，到时候每錯一个自己扇自己一个耳光，看他还敢不敢胡说。|1
1712065615|天津|2503113141|我不服1959|凡是讲生育率，基本都是二级管。|1
1712086222|福建|3226142363|川哥3226142363|基本以不靠谱为主|0
1712063616|湖北|3182643213|国际智力障碍研究中心|房地产10年内都不可能再起来|0
1712074639|山东|2000999205|禄图子|这条微博应该4月1号发，今天有点晚了|1
1712088134|陕西|7506711614|出家人198210|这是喝了多少呀！！ ！把自己人的医，食，住，行，教，都解决不了，还！！！唉|1
1712085801|湖北|2084535043|小而美HG|一泡黄尿滋醒你|1
1712087589|重庆|7301989503|伍術38354|除了第8条，其他一条都不会发生|0
1712074549|广东|6756030708|007玖伍贰柒|正确的理解是房子卖不掉资本家开始炸楼保房价，城市纷纷被尘埃笼罩，|1
1712067596|安徽|7541355096|用户7541355096|一本正经胡说八道，胡说八道不犯法|1
1712078429|云南|1563339667|自由的山毛驴|梦想总是要有的，万一实现了呢？|0
1712087260|浙江|3313819955|随心一天依旧|这是要彻底三战后结束才能有的事！而且必须是老美认输，否则想都别想！|0
1712069101|山西|6226683417|帅哥滔7758|那是西亚 中东！中亚是斯坦五国 地理都不过关bb毛线！五常没毛线用 乌站不止 中东混乱 兔子难说实在受不了就下场了|0
1712088895|河南|1061418982|东方红123456789|这货估计房子被套了|1
1712071056|浙江|2168468662|猪圈搅屎棍|兄弟，再发挥一下你脖子上面的新智力比如在月球上建立水电储能站，然后粉丝涨到百万就可以带货比如健脑速效丸啥的，一定卖爆！|1
1712078998|浙江|3192846181|家有傻阿呜|冲这条微博，取关，太没水平了|1
1712071020|河北|1053120064|五虎上将005|你这是做梦还是喝了假酒呀？做梦也是白日梦|1
1712073154|浙江|2271667332|哥说的不是寂寞A|4月桃花开，是犯病的季节，这不昨天亲娘都把自己的亲生骨肉扔下楼。|1
1712073725|广东|3733094292|BBlacKKPPantheRR|能一样吗，一个在自己领土上一个在别人领土上|0
1712061577|上海|3883734111|台湾战后重建办公室|真是特么够懒|1
1712055468|四川|7612724096|化奇迹为腐朽56537|这不是抄袭，都不要ai来做，几年前手机相机有个功能叫图片个性化出来就是这个样子然后稍改下棋子就OK|1
1712062208|上海|1556234593|宁宁静远|这还是两年前的抄袭图|1
1712069093|浙江|6559737044|冰尾猫妖|大家都是抄苏联的，那时他们才是一家子|0
1712071491|广东|7798843501|番动派胖仔|乌克兰人最不能面对的是第三世界人民都不同情他们吧！|0
1712060596|北京|1170196163|盛酒的鼻烟壶|查了半天，也没有找到这个白红白旗帜是哪里的，俄国白匪军的旗帜吗|0
1712077482|江苏|5773016757|来自星穹的你|乌克兰这是真的药丸|1
1712088710|山东|7275215515|日暖茶烟淡|这得让俩图全世界流传一下。顺便让他们再回顾一下圣诞节噩梦。|0
1712065307|江西|3847867358|四维矢量2|问题是这画有几个中国人见过？那么老乌是怎么知道的？|0
1712056881|浙江|1419598843|雪山飞狐_wg|？？？？？？？？？？|0
1712082113|河南|6130008480|白板配红中iti|有没有可能我们那时候的宣传画是抄苏联的？|1
1712063443|广东|7897836401|看笑话延年益寿到99岁|再往上翻你会发现抄的是抗战时国军的。越看得多越看得明白。|0
1712066395|山东|3321263412|妖妖的卡包|在乌克兰眼中，老美=毛子|1
1712085195|辽宁|6384240748|四拓hzyst|前几天总刷到一个骂大鹅的乌贼，把它直接关小黑屋了，真烦|1
1712087770|浙江|7329843718|泱泱1997Real|不像是官方的画风|0
1712071735|上海|1638620471|T堕落诗人T|这家伙，美帝要剥皮拆骨了，骂谁呢|1
1712083077|北京|7860003734|用户7860003734|你真的是漫画家么？|1
1712074484|福建|7808575644|福屿|乌克兰文化中还是传承了社会主义美学|0
1712048017|广西|6969321701|梨涡浅笑嫣然r|战争不能仁慈，对敌人仁慈就是对自己同胞的残忍|0
1712013701|四川|7284675610|忙碌为了你|所以，一旦种梧桐，就不要有任何限制。|0
1712046686|甘肃|1872423252|网购宗师|老毛子真是太好了，为我们把坑全趟了|1
1712062370|广东|7541487997|清风不识字FX|留地不留人，要么到大陆投降，要么run到国外去，其他的全部炸了，只要空地，其他一切都不要|1
1712012333|四川|1605092110|大眼仔-麦克华斯基|对于台湾而言要不就不打，要么就全部杀光。否则后面统一之后很难处理的，历史怎么评说？|1
1712006772|山西|7824141731|水激动天|全部消灭一个不留|1
1712023946|广东|3808640333|没有犯二都死|2300万，干干净净才是最好的|1
1712066080|四川|3831455540|wingszht|捆手捆脚还打个锤子！既然开打，就尼玛往死里整，赢了才是硬道理！|1
1712040783|湖南|5553797661|川破又逢败登|慈不掌兵！老祖宗几千年前就说了。|0
1712011947|上海|1638390705|福克兰的无敌|俄罗斯的老路会再走一遍的|0
1712012275|广东|7575822633|黎明赞黎明|应该使用普京的先进办法，先让全台湾人民公投入华，然后注销原有台湾人的护照，重新核发中国人民共和国护照，这才是统一台湾的有效且合法的途径。|0
1712014907|北京|7502978220|微操达人常凯申|俄罗斯：这可是你们先坏了规矩的，那我可就不客气了！|1
1712041984|江苏|2608593903|明明白白的小明先生|菩萨心肠雷霆手段，要么不动，要动就不要留情，|0
1712044587|上海|3543652733|阿春哥来了的马甲|狮子搏兔，必尽全力。|0
1712025831|四川|1792976481|turboXW|不然，普京为啥叫普构呢|1
1712053395|上海|7368295046|Patton2020|所以我一直跟朋友说，将来收台作战的将领要不几个人历史评价，要做白起|1
1712061778|河北|2407134113|陌上春绯|力求歼灭敌人的有生力量|0
1712016533|江苏|7434765295|羊肉花菜饺子|很担心为了仁义道德做出啥事|0
1712055726|江苏|1427850477|当电工的铁匠|作为一个漫画家，老六你这都能忍？|1
1712055759|广东|7762254503|吃瓜看热闹不怕事大|这说不定还是中国的精神美国人做的呢。。。|1
1712075685|广东|5129064533|情迷枫叶红|还真是，没那气势啊！|0
1712056318|北京|5379114204|树梢上的大叔2|擦！这个不钓鱼可惜了|1
1712084163|浙江|7293132649|孤独的旅人在归途|不能说一模一样，简直一模一样|1
1712058175|河南|7815085329|立夏吃饺子|通g实锤了！！|1
1712075881|浙江|3940523235|东阳足球|借鉴借鉴|0
1712064007|广东|2616541521|SA-Young|现在流行的，都是我们当年玩剩下的。|0
1712065364|上海|7754877477|好不容易挣了10块钱|挺有意思。|0
1712057001|江苏|7806427080|猛龙过江A博|🇷🇺必须吞了🇺🇦|0
1712059187|北京|7397888866|涅槃老瓦|这什么文化输出啊。|0
1712074615|河南|1767767253|不靠谱评论|伪军|1
1712058204|山东|1869853437|大愿菩提心|这才是软实力|0
1712056298|上海|1784085182|Jason-武林高手|啊？|1
1712075836|辽宁|3181195203|80后的刘大爷|没有创意|1
1712074130|上海|7539104360|既然啥也不能说做个看客总行吧|哈哈哈|0
1712077353|云南|7883919906|雨雪坡|昨天占了一卦，确实梦到有人做了这么几条预测，就是为了忽悠点击率的。   这一卦真准，马上就应验了。|1
1712093495|陕西|1692756840|刀锋乐图|醒醒醒醒，做噩梦了。|1
1712071867|海南|1309253823|anby小康|要预测你就好好预测，要许愿你就去庙里。|1
1712090674|湖北|5379165723|小丑鱼1214啊啊|醒醒，精神病院也要准时吃药哦|1
1712085976|中国|1882723555|哥森林|梦里梦想成真…|0
1712072417|辽宁|1413417734|Iiyuke|如果昨天发，可能还有人信。今天不是4.1了|1
1712087367|广东|7825574801|韭菜创造者|这是昨天的新闻！|0
1712069464|广东|2151106194|为什么他们都叫你渣浪|靠房地产能把老美打败？扯蛋！！！|1
1712075154|山东|6334173507|嘴炮锤大王|除非美国内部解体 不然亚太得出几个废墟国家才行 另外印度横竖是要四分五裂的|0
1712088134|河南|7798709506|隐入尘烟198705|梦之蓝|0
1712070811|河南|3842395112|Warren_CN|看到中国房地产再一次强劲复苏，就知道这些全都是放P|1
1712074440|江苏|2787842663|周周有銭花|经济腾飞，到现在都没什么项目|0
1712085640|四川|5210762361|老虎哥5210762361|意思就是许老板出山，重振雄风，恒大升级至恒天|1
1712088385|广东|2792068214|萨姆很靠谱|我就说越看越不对劲|0
1712077962|四川|6326390861|请大声的叫我路人甲|如果年底两岸签协议，那应该早就启动谈判了吧？？|0
1712048822|江苏|2974933755|东门吹风-南门下雨|有后台|0
1712048561|湖南|5975412552|美少女风云-186|生活腐化而已，贪了多少？不查查？敢上前线有担当！|1
1712047801|北京|1714061944|翩然化蝶|隔江犹唱后庭花|0
1712047410|广东|2471825010|哟_小弟奇|女同事怎么不上前线|0
1712047391|福建|5337095336|takaiii|要被当炮灰了|0
1712047349|河北|2646568913|永远的祖国|缺男人啊|1
1712047180|重庆|1232926901|我是一只大老虎我很饿|谁拍的|1
1712046506|湖北|2417830095|Crispy_rt|损人不利己|0
1712045225|天津|2637535445|2024请待我温柔|刘亚津：“还有外国人那亲嘴儿！那可是真亲呐。”|1
1712044873|湖北|1452505855|清溪源流长|自愿|0
1712018516|广东|1750046723|我见到常威系度打来福|然后把女同事带上去前线|0
1712011263|重庆|1012370231|羊儿咩咩ie|吻别|1
1712054355|重庆|6357734026|二进制的电子空气|啊，这件事居然是TM真的|1
1712052894|山东|2051651042|夏日里的大鱼|敢死队|0
1712050673|辽宁|1752324875|Saltxxtong|怎么这么多女同事愿意亲|0
1712049893|浙江|1866202920|一句惹毛我的人有维险|死亡倒计时|1
1712048437|江苏|2534102091|自由之路明羽佳|//@迷迷胡胡:社死 也不至于自愿去送死吧|0
1712047325|湖南|6467879225|进口牛肉炖猴头菇|乌克兰比毛子有优越感|1
1712078576|山东|6786554650|不变了回525|吹牛逼|1
1712079935|河北|6645974820|靳承川Gallon|恶心|1
1712066737|内蒙古|1883557237|明藏斋主人|转发微博|0
1712090978|陕西|3426670384|西京丸子Niag|转发微博|0
1712067389|上海|5017895429|苟兴芬|转发微博|0
1712073277|浙江|6395889521|深的牛牛粽子|造孽|1
1712064496|澳大利亚|5489855075|土生土长的房角石|转发微博|0
1712081188|山东|7908956084|咂么淡咸|为什么我感觉出自舔乌的中国人之手？|0
1712080708|江苏|5405826529|于苏扬在崇川|乌克兰的总统是演员出身，偷全世界的剧本|1
1712076647|上海|2187257480|飘风自南970|武器都一样|0
1712061992|广东|5935303293|行在古城-1|一没署名二没日期三妹出处，张嘴就来啊。我还说是你恶意抹黑革命烈士画作|1
1712061693|北京|7723396619|围脖一锅出|八成是润人为了狗粮描的，画技太拙劣|1
1712057092|广东|7778450650|远看花溅泪|鬼佬也知道哪个才是好东西，才抄的。|1
1712056647|广东|2163110900|著名哈哈怪|这是完全照抄了|0
1712055590|江苏|6854610924|我不是僵尸粉别删|说不定是哪个殖子舔上去的|1
1712055400|河南|1889639461|清风effle|乌贼不配|1
1712012484|广东|2251407205|LXJ老梁|同意，既然是打仗就不能手软|0
1712063152|北京|1283532240|userliup1980|我们给它炸了那叫拆迁，房地产发一波。|0
1712061013|河南|6453272080|幼儿园小班练习生|大帝心软不是白说的|1
1712055033|江苏|6802431579|用户日出金山|宋襄公之举|0
1712053856|福建|3136061985|第十二圣迹|反过来说的话，是不是在战场上消灭了意志最坚定的反对分子，有利于之后的融合|0
1712050557|江苏|7290938156|切格瓦拉同志的微博|转发微博|0
1712048419|广西|6969321701|梨涡浅笑嫣然r|教训深刻|0
1712047702|陕西|6586319374|名为木公|速战速决|0
1712042877|湖南|6791150590|采莲南塘秋2018|显然美国对外作战从来不会考虑这些|0
1712020953|山西|1489462780|侧耳听风08|半渡不击，奈何？|0
1712012253|重庆|7866972800|行星兔SHIRLY|既然决定开打必然雷霆之势速战速决才是仁慈。|0
1712008238|四川|1400123750|闪电破云霄|参考北约空袭南联盟|0
1712006037|重庆|2056567297|被吹掉的灰|除了医院，学校，养老院。|0
1712056367|广东|5872690496|投资春风客|当然要攻击，既然是战争，战略上要防守，尽可能避免，战术上要进攻，务求速决，一战就要把对方打到心惊胆颤，恐惧绝望，尤其像我们这样狼狗环伺的，一旦拖延就会陷入更大被动|0
1712047086|辽宁|1903658525|OldKing1981|结论仁至义尽，就莫怪没给机会，将来万一梧桐就必须雷霆手段！|0
1712011908|江苏|3262977752|夏至未至冬已逝|愿意回归的，给时间回归，不愿意回归的就自求多福|0
1712013669|福建|6769308710|半空owenliu|长痛不如短痛|0
1712010846|海南|2905226215|宏阿宏阿宏|留岛不留人！！！|1
1712042719|陕西|5236705998|头-条过来的|炸的好|1
1712018564|浙江|1423414360|在飞翔1999|俄罗斯与周边国家有几个关系好的？？大部分前加盟国都与鹅成为敌人|0
1712067723|江西|1252405474|江城一字|许愿吧|1
1712078049|云南|2819463664|白老憨|留着，明年吃瓜看群众打脸|1
1712067938|上海|1670523524|耐力投资| 想象力可以|0
1712076553|广西|1817880993|mix-dino|这个智商也能用几十万粉丝|1
1712071577|广东|7805687063|汝未可知何事也|超級地租就不提了，那是一個根本性錯誤的方向！|0
1712079950|河南|1528093183|沉默的沉默的朋友|房地产还想起飞？老百姓兜里那俩儿钱还不放过？！|1
1712073496|四川|1400721017|冬雨寒1400721017|梦想很丰满，现实很骨感！好孩子别做梦了，该醒醒了，上学了|1
1712071178|日本|7320169671|烤鹅大厨古德里安|吹几瓶白的能说出这酒话啊|1
1712079557|广西|6070477798|爱学习的nobody168|说的都是反话吧|0
1712089630|浙江|1659757923|蛋蛋赢麻了|2030年前都可以实现，2024太乐观了|0
1712080655|吉林|6380825082|宜嘉颐|恭喜你，结果全是反的。|1
1712067842|河北|7805166601|鳄瓜多尔|思想沸了还是脑子沸了？|1
1712077912|山东|7838072065|Unique_Jay2028|希望你永远好梦 不用醒来|0
1712085984|重庆|1081143075|寺枫凌云|要不再喝点    我看你还没喝到位|1
1712070611|安徽|1055460224|Asylum-Carlos|问个不该问的，中国足球呢···|0
1712083131|湖北|1158257634|杨柳风的风2020|今天不是4月1日|0
1712071301|广东|2658893383|骑虎看世界|昨天你这边也刮大风了，|0
1712081391|上海|7879572880|孤舟钓雪14822|还他妈的地产呢，再地产中国离完蛋也不远了|1
1712034488|浙江|7815563787|沙底矮|看龙国有没有把握住时机，看看形势不对应当机立断，煮了大鹅，大家吃一顿阻止三站，这才是上上策，已其人之道还治其人之身，|0
1712046582|广东|7851230820|越上-柳梢头|神金。。。。|1
1712046476|浙江|3816513784|这一路路过|大家洗洗睡吧，不会有三战的。               三战的基础是得有势均力敌的两个阵营吧？不然打个毛线。  看看现在的它们的基本盘，形势几乎一边倒，在起码的道义上也站不住脚，所以导致还一个稍微有点分量的扭扭捏捏暗搓搓的只能在背后下大棋，根本不敢去冒头。  所以，不久的将来，邪恶轴心完败。|0
1712048545|浙江|7326450863|棕砼QAQ|自愿个鬼，舆论压不住，上面让他必须这么做，至于去不去再说，先写个报告压一压舆论|1
1712020017|广西|6584857266|真人699|乌可是征了十几次怎么不说，俄征的只是乌的零头。|0
1712054559|吉林|5096909661|海市蜃楼叭|最后的吻别吗？|0
1712041960|广东|2119051757|钓鱼岛狂人|快清明了，默默孝敬200亿美刀|1
1712051359|四川|2657634571|RocketM|换到前方去打炮了|1
1712016155|山东|1533569565|赵满福|小蛮俄战败解体，大中华收复故土…|0
1712049501|浙江|7792131817|棾氶|上前线也是在指挥室，有本事去拿枪去战斗|0
1712017239|北京|7481134918|cyber不爱喝水|天兵快上啊简中乌友已经下了死命令了|0
1712049008|广东|2863043972|贵圈那么乱我想去看看|战士军前半死生，美人帐下犹歌舞|0
1712016402|海南|3174621621|Blues豆子|大鹅不会在乌克兰战场耗掉一半血气吧？|0
1712069378|浙江|2625818395|shizuku塔矢|真是服了|1
1712040771|山东|2986256187|心存善良天必佑之|以地事秦，犹抱薪救火，薪不尽，火不灭。|0
1712066651|陕西|2473814733|kuruna23|看成乌龟军官|1
1712045769|江苏|7873768435|大灰狼_198405|巧了，捷克刚搞到150万枚大口径炮弹给乌克兰，15万俄兵每人可分到10枚，请俄兵排好队，一个都不会少|1
1712058191|中国|5885183104|YUNGCURLY|“自愿”  “主动”|1
1712043069|北京|6134347604|a0069500733|附注辟谣狗正在赶来，叽歪着：根据我爹公布的数据，我爹没有伤亡百万，原博造谣|0
1712057090|北京|7325911444|紅髮黃角小飛馬_會發光的那種|俺和恁吻别在乌军的办公房|1
1712019303|河北|7753764345|国荣的的的|祈祷🙏🏻希望他千万别出什么意外，好好活着到军事法庭|0
1712056105|山东|1494921975|长夜孤灯|要真是自愿的确实也算条汉子|0
1712015801|四川|7868439063|sixsatarcar|三战 难|0
1712054634|广西|5495205818|萌瓜MC|绿了这么多战友，怕是没到前线就被自己人毙了|1
1712042824|广西|2538598112|骑牛奔驰2|曹县的炮弹不足以支撑俄罗斯发动三战。|1
1712053001|重庆|1771203982|勺子不存在|征兵这个位置……男人稀缺？为了保护自己全家男人？还是做名额生意？|1
1712029399|河北|6256979216|superstarok|该死得死，死前折腾|0
1712052577|湖北|1735428837|你是阿跑跑|重新定义自愿|1
1712056309|上海|1703996721|枯草羊|凶狂战犯!和平日子不过喜侵略。盼审判普金！|1
1712052573|福建|3167609477|Jimmy_Coria|天线宝宝+1|1
1712046793|湖北|6479618459|再涨啊|有实力相当的两个阵营对战才叫世界大战，大鹅这种情况应该不能算。|0
1712052514|河南|3167134671|那就让我们拭目以待吧|表演？|1
1712028152|云南|2698167862|游山玩水Alex|关键北约可下场，司机基本上耗光了，自古以来毛熊在苦寒之地，传承的就是个抢|0
1712052443|广东|2271109094|乐沃思|@逾期海棠 自愿|1
1712049586|浙江|2094355023|法律人陈华生|再征兵，就是露了底裤，菜鹅必然从此崩盘|1
1712052029|广东|6232459908|Zhangyiin10603|进入贤者模式了|0
1712052256|福建|5980236673|淡惘2016|黄鹅：当年东北如果归依大毛，我奓奓现在有了入海口就不会这么苦。|1
1712051479|江苏|3189650954|周一至周五摸鱼|在后方社死，在前方被射死|0
1712029883|广东|7733419923|用户7733419923|俄畜的耗材越来越不耐用了！每月至少5⃣️万|0
1712051268|河南|2446338837|静静都难|说不定就是，临上前线前的吻别|1
1712047153|安徽|7819605087|用户7819605087|一个侵略者还要戴上仁慈的光环，简直滑稽可笑|0
1712091866|山东|7839485042|用户7839485042|打台湾，炸电厂，炸水厂，炸粮库，炸物流，炸工厂|1
1712050186|北京|5993222106|追日逐阳|@地球土特产总代购|0
1712091761|山东|7839485042|用户7839485042|雷霆手段，才是菩萨心肠|0
1712059277|辽宁|1274800097|静观玄化自超遥|@东部战区 @人民前线 @冲锋号 参考一下最后一段吧，民心所向！|0
1712049107|河北|1135557993|我佛如去|这是要承担历史责任的，政治家绝对是慎之又慎的，但是真要觉得台蛙会像乌克兰那样坚决抵抗，那真是太高看他们了，百分百不会的。//@李同学怀旧:我感觉我们的决策没有那么坚决，要经历一个牺牲过程才可能启动。|0
1712046723|湖南|5871382248|七七在长安|对，圣母怪滚开。对敌人的仁慈，就是对自己人残忍。|1
1712045449|北京|5251727144|陈年老tang-new|一旦打起来，就不要有宋襄公之仁，往死里打|0
1712044614|上海|7737232342|终于找到改昵称的地方|打就照死里打，什么狗屁国际舆论比厕纸都不如|1
1712044245|山东|1859733913|V哥2013|老俄总是在合适的时候站出来给老中当老师就看老中学还是不学了|0
1712021016|辽宁|5463224833|馨桥蝶语|//@目光一样透明的:支持统一的才是同胞，攻击我方人员的全部都是敌对分子，必须击毙，霹雳手段，方显菩萨心肠|0
1712013623|广东|7361018398|种花家的兔子不咬人|有驻军的香港都怂成那个鬼样，能有啥指望，我们再不愿意，也只能憋着气看。|0
1712007323|福建|1764244832|风明1999|恐怕到时还是会选择对同志残忍一些的，毕竟没有统战价值嘛//@学学菜刀:对敌人仁慈，就是对同志残忍。|0
1712005207|北京|7454388794|小弟蛮蛮|慈不掌兵,义不经商,仁不当政,善不为官|0
1712071487|天津|2049365717|墨水空间|一个精神病患者的心声|1
1712070857|上海|3783484465|爱美食的SCHNEIDER|除了统一，其他都是臆想，忘了做艰苦的准备、要有底线思维？|0
1712082988|河南|6120237164|城市经营6120237164|这个想法绝对是从精神病院里面出来的|1
1712084773|湖南|3694981410|巴萨的9号|你要是昨天发，没有人会说你什么|1
1712077540|广东|3093135381|矿泉水long8|记得吃药|1
1712071016|河南|2721895513|秋雨苦丁茶|看到这么多人评论我就放心了|0
1712072921|湖北|5616816157|阿郎恋曲-教主|天亮了|1
1712068984|新疆|1403365492|蚱孖|一个草台班子哪有那么强的执行力|1
1712073462|辽宁|5757847160|雪静悄悄的下|这卖酒的可以抓起来了，喝的绝对是假酒|1
1712066235|浙江|5888786625|泽泽05521|做梦呢，赶紧去睡觉|1
1712070031|广东|6408223923|漫画大电影|对不起，告诉你一下：我把你拉黑了。|1
1712080357|中国|6126291528|萨拉丁v|老龄化，殡葬产业腾飞，墓地大涨|0
1712071029|山西|1957752574|捉刀熊|按照愿望预测和按照规律预测，是两件事|0
1712077480|河北|2675009321|t660319s|就这水平，还敢预测，是臆想吧。|1
1712075954|辽宁|6544069410|大木建筑设计|别的不知道房地产相关就有点扯了|0
1712075743|山东|6484790940|小楼一叶又风雨|你有成为大V的潜质。|0
1712067279|福建|1809702380|Caige-|房地产不可能复苏，只能平稳过渡|0
1712077574|北京|2829498025|世界传送门-|醒醒你发晚了，今天是2号|1
1712087952|河南|5675936321|端木公乘|对中国经济的强势复苏必须抱有希望！|0
1712037884|辽宁|1792900802|可可西南|哪有什么三战，十几个打一个?|1
1712047203|河南|5280041146|自由2022飞翔2|沙俄侵吞大清净土最多|0
1712035275|北京|7816788436|dazhanhongtuhsoyunlai123|WKl需要尽快研制1000枚斩妖除魔的神器|0
1712044895|四川|6355406938|用户6355406938|我与侵略不共戴天|0
1712058981|辽宁|5739245518|用户5739245518|当年苏联那么强大，打个弱鸡阿富十年最后把国家打崩了。现俄罗斯远没苏联强大，且乌俄战争规模和强度都远大于当年的阿战，已经打了两年多了，俄竟然还存在的挺好，这是啥道理|0
1712057176|上海|7855398495|成仁取义2024|杀只鹅还需三战？只能算是地区冲突。|1
1712048314|河北|3033871082|坐着火箭上天了|说的太对了|0
1712045317|广西|7743798640|广西狼兵333666|打倒侵略者|0
1712051335|福建|5869416628|瑞雪兆丰年哦好孩子|没有三战，只是群殴|0
1712076078|山东|5831046223|幸福的幸福人生_1987|干死大鹅，乌克兰加油|1
1712081897|上海|1202340252|球呆公|老百姓苦|0
1712061918|江苏|6419975296|平定东南帝辛受|1689到1856年可隔着快一百七十年。|0
1712072998|广东|1637056992|Pycasgnid|看来很多恨国党都梦想回大清|0
1712027176|湖北|1934783100|冬之辛叶|谣棍！|1
1712073486|山东|7486822646|腻妮子的昵称|打他普的！|1
1712085272|上海|6410525587|骑着龙虾看世界|不会发生三战，只会单方面群殴鹅畜|1
1712020917|广东|2126525364|白云鱼人|转发微博|0
1712048640|江苏|5131731762|狼走天下46816|你懂个屁|1
1712092809|四川|3585375111|0一知半解0|如果你有一位强盗朋友难舍难分，那一定是因为你也要做个强盗。|0
1712022240|广东|5071448588|韩亚美bQ1a|三战一旦打响，俄罗斯很快完蛋|0
1712016829|河南|3018925235|梦中我是天神|俄罗斯坐地吸土|1
1712016111|河南|7538034903|SUM麟|噗理解你，为了挣几个美分|1
1712050379|北京|6558886353|吃瓜非路人1234|被自愿了，恭喜阿夫迪夫卡方向乌军又多一人|1
1712050163|广东|3077019011|安静地发微博|反复数了数：两个|1
1712049512|浙江|5669808621|幸运尧yao|？刚看到乌军强制征兵的新闻，而且这一批很大一部分是学生，乌克兰年轻一代都快打完了|0
1712049088|陕西|1756634561|或许是C|不愧叫压力山大|0
1712048988|湖北|6179999064|爱喝雪碧的小熊猫|被自愿了|1
1712048886|河北|3360225074|你是死废物吗|@身体倍儿棒杨爵爷|0
1712048841|吉林|7738304265|v早安丶午安丶晚安v|我记得乌克兰好像是有欧洲子宫的别称？|1
1712048787|广东|5047393177|今天也要努力惠台哦|后方女同事吻完了，要去前线吻士兵了？|1
1712048311|吉林|1761859657|辣公子奇遇记|千万不要发生战争，会发生各种社会乱象|0
1712048298|广东|6292501130|小卡拉米你好|…你却说花花世界不必当真，多么伤人|0
1712047737|河北|6116867872|鑫鑫小吉0922|爱的鼓励 去死吧亲爱的|1
1712047633|上海|7755360761|虹彩宝宝丘哔特|死前疯狂秀一把|1
1712047626|山东|5472716133|三阳开泰71177|要么处死，要么战死|0
1712047579|北京|5623545204|粽子地|人啊，总是善于转移焦点，这下谁还计较他原来的问题|0
1712047174|江苏|6312571508|supercarryzsh|前几天怎么洗的来着？怀疑视频真实性。怀疑ai合成？|0
1712047088|上海|6442454419|爱吃鱼的小宇哥|一个挖煤一个上战场|0
1712046998|广东|7767757992|nshsyeheb|这是什么|0
1712046492|辽宁|2012083485|飞翔的vincent|社死和射死，两权相害取其轻|1
1712011871|新疆|5222093634|什么东东你是什么东|有几个人？|0
1712081713|四川|5310757446|北极熊78684|乌东八年无人问，戏子一夜天下知|0
1712082082|上海|6611123013|nyecemb|“北约主要成员国为了达到其自身目的，对乌极端民卒主义者和纳悴主义者予以全面支持，|1
1712082017|上海|6611123013|nyecemb|基辅的新纳悴镇权在西方的支持下，在西方的直接命令下，采用恐怖主义手段。|0
1712082669|江苏|1401648895|橙色小马哥|国际法那么是不是先得把你们的普皇绑送海牙？要不然你认个锤子国际法|1
1712083968|新疆|2036082677|时空游侠paladin|裁赃有一套|1
1712082196|辽宁|1874361623|韩东言|支持反恐打击纳粹！|0
1712082223|上海|6611123013|nyecemb|“2014年，他们发云力镇变。中忄青局在实施镇变中完成了他们的工作。我记得一位副帼务卿说过，他们甚至为此花了一大笔钱，将近50亿mei元。而那些不承认镇变的人开始受到迫害，对克里米亚造成威月办。2014年开始在顿巴斯发动占戈争，用飞机和大炮对付平民。”|0
1712082179|上海|6611123013|nyecemb|番红花城市大厅的恐袭事件是自2014年以来利用新纳悴镇权进行的一系列行动中的一个环节。“这些恶行只可能是那些自2014年以来利用新纳悴基辅镇权进行的一系列行动中的一个环节。众所周知，纳悴为了实现他们的目标，从来不惜使用最肮月庄且最无人性的手段。”|0
1712086918|广东|2830737422|我心依然602|搞笑|1
1712082061|上海|7691668750|会挽雕弓射天狼A|其他使用爆炸装置的野蛮恐怖袭击导致记者达莉娅·杜金娜和马克西姆·福明（弗拉德伦·塔塔尔斯基）丧生，作家叶夫根尼·普里列平重伤，他的司机亚历山大·舒宾死亡，克里米亚大桥爆炸造成5人死亡，圣彼得堡一家咖啡馆爆炸造成42人受伤。|0
1712085272|广东|1497060462|sunny-yang2000|美国为首的北约，就是世界上最大的恐怖分子，然后又培养了一批又一批的新恐怖分子接班人。|0
1712092041|上海|6611123013|nyecemb|“自2014年以来…西方统治者…日益鼓励邬克兰新纳脆分子在顿巴斯实施恐怖行动。西方训练营为民族主义军关做军事培训，并不断地向他们提供武器。”二三年二月  “这些年来，针对顿巴斯的敌对行动和对普通居民区的炮击行为一直在继续。在此期间，包括儿童在内的近1.4万平民被杀害。”二二年三月|0
1712091812|上海|6611123013|nyecemb|“邬克兰武砖部队已经变成了一个恐怖组纟只。这不是什么秘密。”顿涅茨克当地居民走出自己家门遭邬克兰坦克杀害。这名男子之所以被射杀，是因为在基辅看来，顿涅茨克的平民都是“恐怖分子”。“这就是新纳悴主义。”|0
1712087250|上海|7422806249|休闲浏览hxg|对那些袭击品平民的人，应该就给予无情的打击。|0
1712083812|黑龙江|6169419405|王哥阿王社会王你的阿王|咋的，被报复了就输不起了？我还是喜欢你们桀骜不驯的样子|1
1712082419|上海|6611123013|nyecemb|“我们知道，基辅镇权在外国情、报部、门的直接支持下，公开走上了恐怖主义的道路，实际上就是国、家恐怖主义，破坏民用设施、运输和能源基础设施，对平民、政、府官、员和公众人物实施恐怖袭、击。”“九年来，他们轰炸、射击、使用坦克…基辅镇权在西方积极、直接支持下发动的战争已经持续了十年，”|0
1712082209|湖北|5075021004|o0O-Sophia-O0o|打击国际恐怖主义！|0
1712090951|江苏|7501562765|书生之王|啥时把海参崴等地还回来|0
1712090627|江苏|5404147600|打工人郭某|你说国际法听了就想笑，对非洲第三世界国家就不讲国际法了|1
1712074777|安徽|7872819407|李涛_198504|目测一个都不行|1
1712090180|浙江|7756957115|平行世界无霜|哈哈，还有很多没写上|0
1712070291|上海|1583645765|芜本立|：有梦想就开心|0
1712068490|江苏|6519251152|尼嗑北剋|越往后看越扯|1
1712066580|江苏|7287197828|8002室|不可能~~~|0
1712092665|浙江|5445052911|黄大仙的故乡|上海话：脑子挖特了|1
1712083950|山西|3546219533|山人有话|忽悠民众|0
1712083268|上海|7311883606|sunnydad201909|鬼信|1
1712082584|河北|1038708411|学诚可乐89086|梦不错|1
1712081938|江西|6137241746|仙客来壹|胡说八道。|1
1712078034|山西|3808960087|温柔的本人1968|目标太高了|0
1712074255|中国香港|6353822212|今天翻篇了|说句大实话，纯属胡说八道|1
1712062299|江苏|7541574409|斯坦福兰|典型自嗨|1
1712074238|河南|1142022042|文人医生|这个应该在昨天发。|1
1712090996|山东|1110627645|山东朱志存|思想废了|0
1712068172|辽宁|2682443927|睡梦中的传说|马歇尔计划|0
1712067177|山东|1611158811|欢乐的沐风|没一个靠谱|1
1712092935|山东|1814474715|YQ仰望星空110|你做梦呢|1
1712091480|江西|3025905754|各窝郭|但愿如此|0
1712090871|吉林|7439018440|文几82475|4月2号，愚人节快乐吗？|1
1711801169|湖北|1678394120|听雨的木头人|泽连斯基已经是乌克兰的英雄了|1
1711809543|北京|3615429624|歪歪奋斗|战争让这个小国已经沦为别人的奴隶|0
1711811815|天津|7412827398|每日股市财经随笔|戏子误国 入戏太深|0
1711813103|浙江|5328632788|赵建维1980|害了老百姓|0
1711816937|广东|5647255653|慕云尚白|你好好的在俄罗斯和北约之间骑墙有多好，偏偏要给人当刀子使。|0
1711815349|山东|2304766087|蓦然4587|戏子误国，老祖宗太明白了，这词用的太准确了|0
1711816271|广东|3874106890|Khmer2018|要什么贷款，应该直接要美元不用还的那种，否则就要拉美帝欧盟下水一起死......|1
1711815344|北京|7732085055|土先生666|替霉果挑战近邻，开挑之时，就该想到下场|0
1711982641|广东|1770213014|山东逸语|马上要找中国无息贷款了，最后本金也免了|0
1711967912|广东|7433389008|广济樵夫|你就等着变成真正的演员。|1
1711899620|湖北|5655990472|DOING交易员|核心还是钱，使得战争成了生意，一开始就是，这样的仗必败|0
1711832571|重庆|2667156877|快乐烟波万重|乌贼必败，司机必死|1
1711813237|上海|7085361043|SherryMeYaYaYa|wait,not so long|0
1711815919|辽宁|7834424534|你的殖人病|知道被美国利用了|0
1711969617|河北|7827696536|晴耕雨读莫向外求8|果然，没有一片雪花是无辜的|0
1711958209|江苏|2651099612|于连18|要啥有啥的美丽国家活生生被戏子弄成这样子，痛心！|0
1711929484|重庆|7851194753|虎狼总是独处20230707|欺负大家因为“墙”看不到真实的采访内容，对吧|0
1711917930|浙江|6316769736|咸鱼哥三|抓紧退休吧|1
1711913570|江苏|1936271385|老老老老老老老师|等着看乌克兰人会不会锤死他|1
1711902627|云南|2636622513|司机兔咖啡|杀了几十万俄人，可以炸俄本土，打击俄经济，这就是胜利。|1
1711879206|重庆|7524491563|nielong_dao|活该|0
1711871838|天津|1055852334|老马问道|对乌克兰人来讲战争是生死，对美国财阀来讲战争是生意|0
1711830742|福建|1568760044|梦可敌国|演员斯基|1
1711819716|河南|3201761547|老杨老巧|戏子误国哈哈哈😹|1
1711819715|江苏|1931358175|淮安今天|这个演戏的很快就走了|0
1711818630|北京|7498674570|放船千里去|当时支持这货的人还在吗？很多事情一眼看到结局。要么就让子弹飞一会儿！|0
1711817320|江西|3511109165|掉刀湿人|那你死扛的目的呢？|0
1711815322|广东|2738698500|堆积情感hqx138000|让欧美来经营你这个国家，乌克兰移民到北极|1
1711813070|福建|3759329442|羽未丶|可能只有他要死的那一刻才会后悔舔美西方|1
1711819058|广东|6008088090|且行且珍惜2345|这个戏子现在才明白啊？|1
1711817582|浙江|2013492384|CandleZhang|没有无缘无故的爱， 也没有无缘无故的恨， 都是利益驱使|0
1711815996|江苏|6386313790|洋春白雪滴粑粑|美国能指望的上，凯申兄就不用跑了|1
1711804935|湖南|7809906065|韶山师姐命理国学|如果一开始就不打，一切顺从普京，仿照印度甘地的不抵抗运动，乌克兰才好|0
1711829269|山东|2006884751|损之又损以至于无|美援，划江而治，可以驶往桂系指定的某一港口|0
1711820250|广东|2492028994|问道DW|这场霉帝代理人战争估计一时半载还结束不了。霉帝要的是让战争打到剩下最后一名乌克兰人。🙏|0
1711815326|新疆|7816110006|用户7816110006|美国佬🇺🇸🇺🇸🇺🇸🇺🇸就是借磨杀驴，借乌克兰的名，把欧洲人军援的钱💰回笼给美国军火商|1
1711812825|广东|7804775255|用户7804775255|四肢发达头脑简单，被宰的一头猪。|1
1711808652|重庆|7902939311|用户7902939311|司机贷的这些款又能给美国当几十年的奴隶了|1
1711962578|浙江|6579593454|零陵上将军邢道荣szh|投降光荣，为什么要反抗呢？反抗了就要死这么多人，我们喜欢汪精卫|1
1712087859|北京|2568018031|捣麝成尘拗莲作寸|请先停止侵略其他国家|0
1712084890|浙江|5838828194|张兰78456|准备什么时把参于布查大屠杀的人引渡到乌克兰呢？|1
1712083730|河南|5636680209|汉风未央Palace|🤣🤣🤣🤣🤣|1
1712082699|黑龙江|7903982685|忠君爱国鸿承畴|西方掩盖了冲突的“痛苦事实”，那就是正是因为西方的武器供应，乌克兰才受害最深。如果乌克兰和以美国为首的西方国家筋疲力尽，期待已久的解决方案很可能会出现。|0
1712082681|黑龙江|7903982685|忠君爱国鸿承畴|亨廷顿最忧心忡忡的中国（儒家）-俄罗斯（东正教）-中东（伊斯兰）资源大陆联合起来反抗欧洲（基督教）-以色列（犹太教）的统一战线还是形成了，且因为历史悠久又是以儒家为中心，大概率会成为大一统的陆海双强国家，这是海权最难以接受的局面|0
1712082673|黑龙江|7903982685|忠君爱国鸿承畴|近日，俄罗斯和伊朗两国外长，在莫斯科签署了一个共同应对单边制裁的联合声明。其后伊朗外长阿卜杜拉希扬表示，伊朗寻求建立一个由受制裁国家组成的联盟，而伊朗和俄罗斯的联合声明就是第一步。那么，面对伊朗和俄罗斯的这种倡议，同样受到美国单边制裁的中国，应不应该加入“反制裁联盟”？|0
1712082660|黑龙江|7903982685|忠君爱国鸿承畴|俄罗斯总统普京发表了一番豪言壮语，宣称中俄伊朝巴五国是全球仅有的五个真正独立自主的国家，并毫不畏惧地与美国对抗。他强调五国将联手合纵连横，彻底颠覆美国西方霸权体系，重新塑造世界政治格局。|0
1712082652|黑龙江|7903982685|忠君爱国鸿承畴|中国驻大阪总领事薛剑2月24日在某特上以日文写道：“从乌克兰问题可得到‘一大教训’，那就是弱者绝对不可以做出与强者吵架的愚蠢行为。”|0
1712093256|陕西|2148507370|Kenney11|责任全在美方|1
1712092720|重庆|7486842523|微风碧波77|支持大鹅为一百多遇难者报仇|0
1712091681|山东|2822461812|0_o嘿|is都认了你理都不理|0
1712083910|河北|1154583760|远行者一守望|强烈要求俄国政府尽快向全世界公布在乌东北约生物实验室的调查结果。|0
1712083413|浙江|6501735365|不懂的股民|不要对西方报任何幻想。|0
1712082681|江苏|5545933052|嘿嘿文文_68555|支持反恐，打击纳粹。|0
1712083144|河北|1226566933|我说天下事|支持打击一切形式的恐怖主义！|0
1712081888|陕西|7741719678|子午路肉夹馍|别犹豫，就是乌克兰美国干的！赶紧对他们宣战啊，哈哈哈！|1
1712085619|广东|2661771881|南洲狼|跟乌纳没什么好谈的|0
1712084219|北京|6014044081|别叹息2016|全球追杀！|1
1712093086|山东|7911802770|正义才是最大利益|我们的珍宝岛保卫战你们是怎么宣传的？|0
1712091588|湖北|7790570417|用户7790570417|证据，证据，拿证据出来|0
1712068356|江苏|1365728982|小池塘里的大鳄鱼|估计一条都不准|1
1712068468|广东|6663462331|蜜蜂家护|你的预测基本不大靠谱啊|1
1712072455|湖北|1827524751|fading1|哈哈哈|1
1712071797|山东|7312967558|我们都是中本聪|这是什么水平？没一件靠谱的，也好意思发出来？|1
1712072612|重庆|7812374908|日冶三金|房地产再腾飞就是没睡醒|1
1712086048|山西|6444884418|WangYJ哥哥|你到底在说什么呀|1
1712071742|湖北|7391986658|太平盛世治享雍熙|精神病院现在搞的不错，可以上网发微博了。|1
1712085198|上海|1000230057|一个失败的建筑师|大脑不是普通人|1
1712077811|天津|7234137668|Garfieldcat-S|这不是预测，这是许愿吧|0
1712077760|上海|1822051592|David爹嘀|愚人节快乐|0
1712086170|江苏|6930235831|三分明月八怪仙|简直是：一派胡言，扰乱公共秩序罪。|1
1712071342|江苏|1866973631|cx_2000|军事博主不靠谱|0
1712077538|山东|2352270673|笑看风云淡_|但凡有一粒花生米就不至于醉成这样|1
1712088680|浙江|7703095914|谢德卡不丹诺维奇|等打脸|0
1712068983|安徽|6182761539|一匹马走日|你是真敢想|1
1712082835|四川|5734036089|MAY五月9999|稿子半夜写的吧！|1
1711878023|北京|1706509475|破衣啰嗦一老翁|一个戏子毁了一个国家|0
1711853330|新疆|6971462194|石颂天语|预祝小丑演员早日当选霉离奸祸众国大总统|1
1711835671|广东|2175445984|人再辉煌|弃子，结局就是他身后这样了。|0
1711820895|广东|7279828598|用户雷雨电|你有本事霉果就不会扶你做导演，就是要一个听话傻Ｂ的演员，今天的结局很正常|0
1711816530|广东|5426321653|三只大虾米|该死的货|1
1711813398|陕西|2070963041|tyj610102|关键是美元不是以现金方式援助乌克兰，不方便下手。|0
1711803573|湖南|1415051241|飞哥HNCS|活该！|1
1712078510|山东|6576813288|村支书008|它准备找机会投降了，留在原地就是等炸弹被炸死。|0
1712072588|安徽|7374869731|但是龙城70790|明明要去法庭，结果去了战场，反正战场上也有妹子|1
1712072038|山东|3898901719|流金霏雨|都是为了下一代|0
1712058866|浙江|7743490047|涅槃之马里奥|这回是真的“玩儿大了！”|0
1712054219|河北|1270683775|挂挂微博|物以稀为贵， 对人类是一样的|0
1712053223|上海|6518966893|召唤与合成2|哈哈哈帅就是吸引人|0
1712052974|河北|3189733401|天翔1985|乌克兰快没有男人了，成香饽饽了|0
1712052698|山西|1506813457|韭道|天天打炮，终于要被炮打了|1
1712051861||7803043409|南柯如梦的喵|打的还是不够紧张|1
1712051611|广东|3847131719|哗哗啦啦_14616|转发微博|0
1712051005|贵州|7846991300|ef32763|人只是亲了个嘴，就要拿命去还|1
1712050926|新加坡|5943404506|天空飘来五万个字|不上前线估计要被自杀了|0
1712050571|河南|6357534386|梨落亦柔|歪果人不打马赛克吗？我们这里嫌疑人还要打马赛克呢……|1
1712050276|广东|6159007837|陌陌的小包子|哈哈哈，不自愿不行啊|1
1712049585|天津|2558263291|手机用户2558263291|哈哈哈  只能说不捉死就不会死|1
1712049121|河北|5826074762|天地卍|转发微博|0
1712048407|湖北|7815698236|果汁juice_eeee|我服了|0
1712048255|四川|5269375526|等等就爱|“自愿”|1
1712047249|青海|7656675854|玛卡巴卡的_叮叮车|我和你吻别在死人的街|0
1712046976|河南|6398948848|SFAC201|好一招瞒天过海 去前线后勤部队是吧？十天里九天半在后方清点物资 顺便贪一波 赢麻了|1
1712047444|天津|1657294651|在下小咸yu|俄罗斯难道不是|0
1712056255|广东|1644730235|JIMMYs动画剧场|难道俄罗斯是穷人的孩子在国内享福，高官的孩子去前线战斗？|1
1712048646|广东|1882335900|E_R11|我们现在的文宣外宣但凡有这三成水准，西方的舆论抹黑也没这么猖狂|0
1712062062|湖北|6410025790|哈哈呼哈哈5|我们也一样，普通老百姓家的孩子在厂里打螺丝，在街上送外卖，领导们的孩子在美国住大别野|0
1712048446|内蒙古|3313242280|zy萝卜能回家|每个国家都一样~|0
1712066941|江苏|7729304670|青青荷叶爱莲说|俄罗斯：我在说我 自己|0
1712048957|重庆|2667156877|快乐烟波万重|乌贼的简中乌友很不淡定，想去happy还是挨枪子呢？|1
1712049842|吉林|6502258948|用户6502258948|我们这边的宣传工作都不如大毛的一根毛|1
1712048922|四川|6272500904|肥的肉嘎嘎|最后那个是乌友家媳妇儿|0
1712048195|山东|7526770488|Sdz-101Y|对俄罗斯人自己又何尝不是？|0
1712046988|广东|1852050424|王建文武|天下乌鸦一般黑|0
1712057475|福建|5152556093|浚之寒泉|都拍到这份上了，战场画面为什么不拍得更血腥残酷一些|1
1712089151|马来西亚|7483671440|风下乡|就这么说吧，乌友们，你们没有那个资格叫乌克兰打或者不打。|0
1712079914|湖南|1001073400|SC羽胖|光荣属于乌克兰，财富属于美国，女人属于欧洲。|0
1712046664|安徽|7566146162|creeeag|不也一样么|0
1712055996|德国|7111695032|猪蛋大人|这个其实两边差不多，制度几乎是一样的，只不过一个是更寡头，一个更买办|0
1712061645|山东|7893907401|澳洲总督云飞扬壹|乌克兰普通人家的孩子在前线挨炸受冻、高官的孩子在后方灯红酒绿  说句不好听的  到哪都是这样|0
1712070231|广东|3262515680|银湖山总钻风|这种整活搞不好就搬起石头砸自己的脚。谁家不这样？|0
1712083160|四川|7912171231|乌克兰司令部|我来了|0
1712082794|四川|6750634422|在历史的转弯处|海牙正在等待普京，而不是马柳克|1
1712082618|新疆|7156536099|用户7156536099|恐怖主义政权＝俄罗斯|1
1712082503|广东|7822263137|用户7822263137|你法我笑|0
1712082284|江苏|7790751186|用户7790751186|别打了 我真的是兔子|1
1712082123|四川|6750634422|在历史的转弯处|德国制造了卡廷惨案证据确凿|1
1712081884|北京|7910571568|望峰望0000|你们是搞笑的吧，先把海牙通缉犯交出来|1
1712087273|陕西|2915425085|雨瓦特尔|放熊屁很臭的|1
1712083451|浙江|5798456067|阳光l不锈|莫斯科犯罪团伙终将覆灭|0
1712082166|云南|3786843773|德昌的春天|追加逮捕美利堅合眾國現任總統拜登|1
1712088900|福建|5699889292|Layne晴天|很傻很天真|1
1712088614|广东|2172371423|SZ孤独的行者|好像都不靠谱|0
1712086910|江苏|1186029214|障碍赛小窝|这个思想是被烧坏了|1
1712086783|美国|1143837653|平凡APan|理想主义|0
1712086295|广西|7268482102|北海股友|几个菜？|1
1712086266|四川|7619855827|半个赌徒|做梦呢|1
1712085854|青海|5744170084|浪勒个浪尼玛|意淫|1
1712084992|四川|2949890213|云丹泽仁|喝瓜大叶滴。|1
1712083998|安徽|1035985601|开车乱跑kclp|喝多了？|1
1712083599|上海|3509207473|边牧哈里小哈哈|p|1
1712082914|云南|5336430634|rain_common|一条都不会准|1
1712082617|安徽|1794117587|Tjj520a|别光喝酒，吃菜啊|1
1712082512|四川|7823928146|男人本色-1987|确定是预测？而不是幻想！|1
1712081534|浙江|2240264190|JGY59|没一个准的|1
1712081325|浙江|7832145701|tiger-199610|哇哈哈哈|0
1712081177|江苏|3824461907|文仲7|药千万不能停！！！|1
1712081069|江苏|3854057429|就爱铁锅炖鹅|喝多了吧|1
1712080370|甘肃|7802415781|多少事付笑谈中123|意淫自己|1
1712079893|陕西|7540232508|胡杨兆丰|噩梦连连|1
1712019172|重庆|1701664891|莫问今朝a|征兵办负责人是超级肥差，视频曝光后名誉扫地前途完了，若被查到还有其他违法行为必死，去前线还有生还希望|0
1712017163|江西|6776166520|古言股语|男人死了只剩下可怜的女人。|0
1712012673|河北|7340615941|随便吧7340615941|去前线能治好？会不会有啥亲啥？|0
1712051625|黑龙江|7805488969|用户7805488969|也算是个男人，战死就值得原谅|1
1712051431|安徽|7903998545|风花雪月岂不比国事天下事更有意|戴罪立功|0
1712051022|广东|7885360226|用户7885360226|恶心|1
1712048998|广东|3863621748|蓝田玉暖skr|亲完就说:我不去了|0
1712048231|上海|6470520764|用户6470520764|突然想起来，现在战场上乌军女兵众多。那么视频中两位和长官接吻的，是不是为了不上战场呢|0
1712047851|北京|7902451195|用户7902451195|原来被自愿不是本朝特色？|1
1712011426|安徽|7910440862|娱乐大嘴巴9zb|要是没曝光呢，自愿在后方亲吻女同事？|1
1712010948|广东|7291321845|深海-蓝鲸族|求生欲极强，这怕不是个借口|0
1712065171|广东|1791736257|哦芽酥咪|战争无情，可是这新闻为什么有点好笑......|1
1712057842|甘肃|7563090980|涼風今|导弹可要把他盯紧了，他死了可以有效震慑乌军队军官干部。|1
1712055641|广西|7756148644|就看看这回|回复@哇大宋悠:要嘛权力，要嘛多金，两有其一即可为所欲为。|0
1712054800|江苏|2879255860|BloodyMary_677|@BOSTON-369|0
1712054742|广东|1732019412|gzgym|自愿可能去督战队，不自愿就要被派去填线了|0
1712053967|山东|3612300140|明天也不想见你|@我要吃不胖1999 厉害|0
1712052439|广西|1869766702|我不爱吃鸡爪|慰问前线女兵|1
1712051813|山西|7821718027|落下同一颗太阳喔|@暗瞳清水|0
1712067881|北京|2459043154|天使的彩虹糖|就是以色列的苍鹭无人机俄罗斯简装版~没了以色列支持，俄罗斯连无人机都做不出来。战斗民族...笑死了|1
1712093482|广东|7848238749|双龍降魔平妖|吴军威武|0
1712087893|广西|7793086175|用户7793086175|菜俄|1
1712072525|北京|3261952612|用户老周简评|是预测不是许愿|0
1712067729|广西|7418953066|无关紧要的情况|有一条实现算你赢|1
1712070312|日本|7906541398|用户wsled|房地产不可能复苏的|0
1712070567|北京|1819891274|守道林壑|转，年底看哪一个能实现|0
1712070853|海南|3806572227|敬天爱人2006|这是中了五千亿的彩票吗|1
1712072976|山西|1733937255|藏书龙渊阁|房地产就那么趴着挺好，股市强劲复苏|0
1712067731|山东|1179929117|袅袅凫岛|敢说，能实现的不超过两条。|1
1712068645|广东|7813174020|活在当下10512|天，你别放一起预测。一反都反了。你是何居心|1
1712071610|四川|5227601900|红花怒山河|我想顶你，但房地产复苏实在是太不可能了！|0
1712072407|上海|1050176865|不锈生活|最后一项|0
1712066652|上海|5954713903|期待自由的那天2022|几个菜，喝这样|1
1712066433|福建|3220590510|苏午暮烟|做梦|1
1712075935|宁夏|5487807148|木村拖债_|梦还是你会梦|1
1712068334|广东|1885754512|SZ老默|发白日梦|1
1712079154|广西|2282101165|yanwdgp1969|一碟花生米也不是很贵啊|1
1712069496|广东|5866075996|醒来的森林一直在|明天就能实现，只争朝夕！|0
1712076270|安徽|7878517984|永乐轩2023|异想天开啊|1
1712087595|山东|5733460858|过-云|闹笑话呢|1
1712071096|河南|1908536815|郑州陈雨|没新闻可以不发|1
1712046983|黑龙江|2217213107|思旭99|杀人还要诛心？|0
1712056623|河南|7351385496|8点钟-有骨气|哪里都一样，拜登儿子犯得事，在哪都得无期徒刑。|0
1712066604|湖北|7346446675|你看这人多捞哦|打起仗来 这方面每个国家都一样吧|0
1712046634|广西|2090732925|全都要ALLIN|砂仁还要猪心|1
1712048622|广东|1763632810|你打我的我打你的|整得一手好活|0
1712064504|重庆|1488996005|森公子|最后那个没看懂😄😄|0
1712062518|上海|1428155273|szk8888|最后一个动作亮了|0
1712052095|广东|1955197802|来日并未方长|俄罗斯不也是这样吗|0
1712065791|山东|6574550983|用户6574550983|前方吃紧，后方紧吃|1
1712080472|福建|2960385773|吖炑|哈哈这老美无所不用其极|0
1712049343|江苏|1205032367|nying2012|抓壮丁抓过去的，人也不愿意，没办法|0
1712072751|江西|5973294685|狼之暴走|29秒是亮点啊 |0
1712061317|北京|6319362705|用户6319362705|俄罗斯难道不是？|1
1712049139|广西|6056993818|shen_2002|都一样|0
1712047836|重庆|7875014674|昆特专家杰骆驼mk2|虾仁炒猪心|0
1712087808|湖北|6012774291|哆啦A梦做错了什么|活儿整得不错|0
1712047584|河北|7703496357|code_loong|满分！|0
1712049455|浙江|2730701682|水三變|哈哈 真诛心|0
1712074779|浙江|1789956513|黑皮猪1789956513|支持！|0
1712070774|河南|5778674207|看的我一愣一愣|越来越离谱|1
1712069127|山西|7028834351|赢在有界|这是放的啥屁呀？|1
1712076537|福建|1777443442|Awincc|拭目以待|0
1712071773|辽宁|3040861695|寂寞新之助|除了生孩子这个，其他的都是扯|1
1712076827|浙江|6616637308|酱油瓶盖666|中国股票将重回2的时代。|0
1712070760|江苏|2724229627|苏易66|愿您所愿！|0
1712082561|河南|7907431096|如雾起云涌|房地产还是别想了|1
1712073315|福建|7137065492|灯塔国驻华总代理|一个都不会发生|0
1712070440|四川|6486340069|胜思维|痴人说梦吗？|1
1712076114|四川|6424481180|至襌居士一日譚|说梦话|1
1712073087|内蒙古|7657187323|向右向右03|幽默闹钟|1
1712072957|广东|1588218660|我20一生14|想像很完美|0
1712073897|江苏|7385996728|金陵哥萨克|高级黑，不是痴人说梦|0
1712071783|广西|1449271637|Forrest-Te|许愿？|1
1712070875|内蒙古|5999468146|金面佛1898|意淫|1
1712051698|内蒙古|1348267373|大地挽歌|哈哈哈哈哈哈哈，炮灰和蜜罐|0
1712049753|陕西|1404266732|邪神_一念成魔|这乌克兰征兵处主任让我想起了《白鹿原》里的鹿子霖|0
1712049429|山东|5451622595|tobydog|不亲我，就把你男人征兵|0
1712049132|广东|6243596947|丢了火柴的鱼|@捡起火柴的乌鸦|0
1712047942|天津|7845574598|下一条微博是个傻子发的|没准先被自己人给嘣了|0
1712047773|湖北|1698747451|此人屏蔽中呢|回复@哇大宋悠:你忘了他是军官？|1
1712047705|北京|7628007465|神奇动物特约观测站|自怨上前线|0
1712046674|四川|7319580113|杀了个小熊|@Woozikk|0
1712021481|浙江|6347754723|马小花Maer39|男人，狗改不了吃屎。但是一手拿枪一手抱女人，貌似个男人都不弱。前几天，哈马斯62岁领导哈尼亚老头子刚刚娶了位28岁貌美如花的新娘。唉，在加沙巴勒斯坦民众的葬礼上难得的喜事啊……不会是哈尼亚想为加沙难民冲喜吧？哈哈，为难了领导哈尼亚哦|1
1712011449|上海|1810772460|仲秋雨夜|“自愿”……|1
1712046535|北京|1628475410|神仙丁鹏|这应该算性骚扰|0
1712072447|广东|7819552613|不要动我的流浪气球|听说3000公斤级别的威力堪比小型战术核武器|0
1712070949|北京|1413645865|幕末剑心|科大 我觉的我们这些乌友们应该顶上去，应该有人带领我们真刀实枪的支持乌克兰。科大，你说呢？|1
1712070937|广东|7551171618|用户7551171618|爱国者连高超音速都能拦截，还怕区区几个航空炸弹？|0
1712071532|山东|7418741879|日月潭解放宣传大队|正义在乌克兰那边，炸弹在俄罗斯手里，再微小的正义，也比最厉害的炸弹有威力，乌克兰必胜，三天打到莫斯科郊外的晚上|0
1712072185|广东|5975016672|简杰明_|留给乌克兰的时间还有多久？一小时22分？|0
1712073219|山东|7845285083|芍药的余香|胡说，俄军能打下几个城镇全靠人海战术，用无数的尸体攻下了马林卡和阿夫迪夫卡，看起来俄军赢了，其实伤亡比已经达到了10:1，而且乌克兰有世界第一的防空部队，半个月打下十几架俄军战机，俄军消耗不起，一定会输|0
1712077285|江苏|1367223105|别拿那玻璃|只要有F16，只要有爱国者，一切都会好起来的！|0
1712081829|广东|7238292666|急冻柚子初号机|这个套件乌克兰也能安装在自家的航弹上，关键还是缺少可以高空投掷的载具啊，之前搞下来那么多预警机，敌人的空中缺失一大块缺口，现在俄军不知道还能不能维系全空域预警了，要是有几架轰炸机就好了，很多储油设施不用大型航弹是炸不透的，无人机装药量有限|0
1712075435|山西|5919591436|理行1973|俄罗斯对乌克兰领土进行猛烈的轰炸至乌克兰老百姓伤亡惨重。为啥咱老百姓对俄的残暴恶行就是恨不起来。|0
1712071005|北京|6208751642|基洛夫飞艇100|米帝现在似乎想把乌克兰完全扔给欧洲了。反正大毛现在已经被耗的差不多了。欧洲自己就能应付。米帝现在还是在聚精会神地算计怎么害死兔子。|0
1712077342|江苏|7757354174|过尽松陵路漫长|前方炮灰不够，借着莫斯科恐袭案利益最大化，顺势春招十五万炮灰填线。可前方战线几无变化。|1
1712071138|山东|6222235256|用户6222235256|不多？1小时22分还是撑得住的。打下基辅再吹不晚|1
1712071937|河南|7909205497|用户7909205497|死的越多，两个民族仇恨越大，阿普和阿泽真是两个罪人。|1
1712071677|中国香港|7342083964|梭哈的Frank|没事的，微博有数十万乌友，他们众筹一艘船去前线支持乌克兰|0
1712072411|上海|7418502704|环球精神病院上海分院|打够了等一等欧盟给支援，支援到来后再轰一波，然后再等欧美援交，再轰，再等……|1
1712076071|广东|6149449809|brother123gogogo|留给俄罗斯的时时间不多，炼油厂炸完飞机没油就只能手抱炸药包上了|0
1712077363|河南|5512365875|屋小龙|这是个平行世界，鹅粉那里乌军被炸的人仰马翻，乌粉那里鹅军被炸的人仰马翻！|0
1712080940|四川|2646781527|不好吃铲我耳si|5000的已经在路上了。还有9000的。乌克兰一定要挺住啊！继续消耗大鹅吧，把北约也拉下水和大鹅直接干算是你功德一件。|1
1712076487|安徽|2464794270|歌乐嘉陵|又怕普京吃苦又怕普京开路虎，鸟克兰加油顶住啊，天灵盖不够来简中募捐一批天灵盖|1
1712078056|江苏|7757354174|过尽松陵路漫长|俄罗斯进攻中。|0
1712071719|江苏|5870126096|惠岩松泉|房地产复活难|0
1712072021|江苏|3548865811|一丁118|真的假的|0
1712071836|安徽|2826916281|Y教主116|越往后越扯淡|1
1712070620|辽宁|1992294777|红星照我去流浪|醒醒吧，今天4月2号了|1
1712063914|广东|6352731942|渠江股份2|错了，房地产弃子了！|1
1712076783|辽宁|7441585645|辉哥7441585645|梦醒时分|0
1712070466|河南|5814147834|2024必过过|我怀疑你喝多了|1
1712080615|河北|1813883097|九色尘埃|房地产再“复苏”也就快亡国了|0
1712073087|上海|1611637064|jianjunguan|感觉大概率都不会发生|0
1712071552|北京|1733983553|盼望着那一天|愿望是不错|0
1712092691|安徽|1151887201|破山高林|做梦也不能这样做法。|1
1712090134|上海|1686465695|迷你世界aa|饿粉这嘴|1
1712069203|四川|1030385260|风吹路干|喝高了|1
1712070016|上海|6241714264|臻鄯镁|这个得4202年吧|1
1712070131|河南|7810383826|我也不知道2023|梦的不赖|1
1712069489|中国|7826889944|恰克与飞鸟200903|几盘菜喝这么多？|1
1712078771|上海|7478443881|张渝生730|基本上是一厢祈愿|1
1712073856|河南|5543521353|动人的是野玫瑰|连续感染，经常发烧|1
1712089869|湖南|7892817640|跑滴滴的老刘|肯定没睡醒。|1
1712054797|广东|7880934596|半只蛋黄派_41391|确实打起仗来，哪个国家都一个屌样|1
1712053941|重庆|6320056729|大米稀饭和小米粥|俄罗斯宣传甩我们的垃圾文宣几个星球|1
1712072966|广西|3300411173|手机用户3300411173|留给侵略者的时间不多|1
1712080540|四川|2272128685|我是渣渣_张|俄罗斯这样干就是实实在在的恐怖组织|0
1712076746|柬埔寨|1407158013|BearGuard|留给鹅毛的时间不多了|1
1712071979|上海|1567994944|科克兰木的白杨|乌有之乡|0
1712076446|湖北|1679479681|海贼王Luffy|应该是空运过去的炸弹没做好对接  |0
1712082661|北京|3019466051|碼驡|留给俄罗斯的时间也就是到年底美国大选落定时候。得在美国重新提供防空系统给乌之前搞定，从过往表现看，这个很难。|0
1712075990|天津|6636977463|塔尓塔罗斯|二战时期，德国提尔皮茨号就是被重5.5吨的高脚杯炸弹炸沉的|0
1712080600|中国|1840388794|重度路怒症|乌贼们，该你们出马了|1
1712079001|北京|7742689130|一年_12个月_365天|老美的预警机好像也消失了一样，诡异的世界，后台都发生了什么让欧美缩手缩脚的事|0
1712073558|上海|2593592733|上海臭娃娃|《心里层面的震撼更易摧垮敌方意志》|1
1712075685|浙江|1465433845|你能肿么办|有防空导弹也不合算啊，一颗炸弹才多少钱，|0
1712084856|北京|6850165632|破晓831|梅氏面包篮|1
1712087338|广东|7785388991|是这个pan|乌粉：不可能，绝对不可能|1
1712074006|北京|1725351210|稻田青蛙2012|加大产量啊|0
1712073267|河北|7755033920|米塞斯的凝视|烧一壶又一战封神了。|1
1712080590|四川|7856855541|木场修修|不至于吧|0
1712072801|广东|3176465897|东哥努力让自己开心|@波兰驻华大使馆 @芬兰驻华使领馆 大波波大芬芬千万别怂啊，上啊|1
1712071874|北京|5037987841|来一碗加浓美式|北约怎么还不下场帮忙，有点心疼小泽，普丁也太坏了，连续输出也不让小泽休息一下|1
1712071307|广东|3165247297|太阳木木0482|打了两年多，俄好像摸到些门道了，花俏的先进玩意中看不中用，开路还是大炸逼好使，FAB越整越大，一发还有活人就两发。|1
1712076680|福建|7741580768|咿咿呀呀_202202|你是要抬高房价的吧|0
1712070736|福建|6979685519|真友真言真人|理想主义|0
1712071118|陕西|6136009774|王三傻吆|睡了沒腥|1
1712073196|福建|5033087282|用户dutwe12b7m|睡醒了吗？|1
1712070031|青海|5251851097|以哈哈为名|阿巴阿巴阿巴|0
1712072386|广西|1773586805|诗意的优游|反着来系列|1
1712071817|陕西|3946418649|跳进火里的鱼1067649327|脑水肿|1
1712072709|江苏|7699823550|学习为主_92047|洗洗睡|1
1712078179|陕西|6716304358|401爱撕机魔|该吃药💊了|1
1712070936|上海|1890720024|沪上尾生|想法是好滴|0
1712070835|安徽|7362597897|谦卦大吉1|瞎编乱造|1
1712089744|天津|1660828462|永远跟随E大捡垃圾|一个都不靠谱|0
1712077107|四川|2628565637|小关庙大旗|喝多少啊|1
1712066876|河南|7797797117|Mouuun|牛鬼蛇神|1
1712070703|江苏|2289868751|宁静致远xujian|梦境|0
1712076515|浙江|7857260953|郑礼奇|哈哈|0
1712071783|河南|5922787056|时光old李98620|节日笑话|1
1712081702|浙江|5516972195|西湖TFBOYS|阴阳怪气没意思|1
1712078022|浙江|1081906622|佛心润意|酒喝了多少|1
1712069080|北京|2184045370|tianan马甲|不靠谱|0
1712071593|广西|6164009353|白白白杨丶|纱布|1
1712071476|黑龙江|5890719727|南雁微博1|醒醒吧，大哥。|1
1712072583|河北|7747785611|冷水泡茶-333|你为何要放弃治疗？|1
1712074708|吉林|1402226447|除了诗和远方还有你|醒醒吧|1
1712071074|广东|3282375652|金灵301|起床了|1
1712064205|黑龙江|3866161097|雪舞飞扬啊|想法是美好的|0
1712072582|福建|3889873466|木木成林6|钩鱼？|1
1712080002|广东|7881973520|我呀7881973520|几个菜？|1
1712072305|山东|2650010251|XF晴耕雨读|喝高了吧|1
1712092826|北京|2217329257|印钞票的轮回|做白日梦呢，三战倒计时了，其他都是假的。|0
1712089832|四川|1413607871|西瓜8是浮云|日本被孤立这点，很悲观。现在整个欧美和日本在这点上穿一条裤子|0
1712088494|福建|7907575705|MrLlluly|跟中金公司一样人来疯|1
1712087047|湖南|7870524060|琅琅钱鲲|第一条就不可能，俄乌战争绝不可能今年结束|0
1712086593|江苏|1909864884|丑武松|今天是4月2号，不是4月1号。|1
1712086124|四川|5107034126|拥体的微博|白痴|1
1712083891|浙江|7768856397|用户7768856397|测不准挖祖坟？|1
1712083550|山东|5468311932|志豪02093|看到了房地产再次腾飞，就知道是个胡吊扯的专家|1
1712081819|四川|7767209130|糖尿病预备队队长|让几千万组织人员上班养12亿老百姓|0
1712081798|北京|7758975865|风和日丽的阴天200601|满脑子💩！|1
1712081318|新疆|1240493544|天然智能|只要美国倒了，这些都不是事。|0
1712080137|北京|7908972279|种花家的千年兔士|#人民眼睛雪亮# 人口下滑，与房地产复苏是矛盾的。其他的马马虎虎。|0
1712078593|江苏|5796771845|50度太阳|你有多傻❌啊|1
1712078049|广西|1624829723|豆腐师兄-tofu|看到房地产那一个，就知道你这纯属不正常|1
1712075041|上海|1194844472|goodwd118|年底复盘一个都没实现|0
1712074257|陕西|3659518722|放轻松1975|但凡配几粒花生米，也不至于喝成这样|1
1712073737|广东|7903231630|邮箱可以吗|你要是写成2024愿望清单会好些|0
1712071328|四川|1040317647|青春白杨树2010|哈哈，是不是刚刚从精神病医院跑出来！？脑袋被驴踢了|1
1712071105|浙江|7909628182|秦岭tim|你这是预测呢还是许愿呢？|1
1712069815|内蒙古|1035721334|A底线思维A|台湾还是没统一|0
1712069228|湖南|1407440515|飘歌007|全预测反了|0
1712067581|新疆|7337374107|计算机阿胶阿胶|永久中立国是什么东西？现在谁还认|1
1712066818|辽宁|1648674143|泽321|中国的A股经历大牛市让全世界股市望尘莫及|0
1712066814|北京|1683611284|奶爸雪过云清|万一。。。|0
1712066558|贵州|7326655263|一片老边皮|最后世界大战爆发|0
1712077306|广东|6835607752|超级Tu-95MS吖|一个无人机也摧毁不了工厂啊|0
1712080083|广东|7766066279|大大肥宝肥之宝|学伊朗整个厂房加满铁丝网|0
1712080651|广东|1637563750|梧桐小白|战略工厂还要东移！|0
1712079062|云南|6377867153|怒羅吸裸|但是炸了“毛丝莱斯”汽车厂门外的宿舍，不过有一说一，这个汽车厂也搞无人机。“毛斯莱斯”的双涡轮V12（和保时捷合作搞的，8缸600马力，12缸800马力，10AT）也用来供应猎户座大型长时无人机。|0
1712004629|北京|5781222003|钲洋12345|征兵黄俄吧，|1
1711953729|辽宁|6012281878|不懂历史的小学生|那个黑龙江火车是弱智|1
1711952977|黑龙江|7895301064|黑龙江火车迷|现在搞高压统治的是泽连斯基，只要反对泽连斯基，就等着抓壮丁|0
1711960693|广东|5874684914|娱乐宜乐之|自发的黄俄真的很多，身边到处都是。|1
1711957949|浙江|6681503244|战将妖哥|我相信，追责地堡男的日子很近了|1
1711954348|浙江|1400655524|鱼尾吧Percy|这15万每年都征，是义务兵。|0
1711959850|北京|3226146525|小舟从此逝123|乌科兰打了两年伤亡两三万。肯定是赢麻了|0
1711952951|黑龙江|7895301064|黑龙江火车迷|还没武器呢，乌克兰自己都不信|0
1711956819|广东|7600111882|嘉氏佰_|//@AAA锦衣夜行::: 离天堂太远，离狗俄罗斯太近，狗俄罗斯的邻居没有一个不被咬的支离破碎，轻的割土地，重的灭国，谁能找出一个不被咬的邻居|1
1711959781|浙江|7841309546|铁臂阿童木2023|有一种川粉认为，只要川普上台地精就会吐出2月24号之后的领土收益，我个人感觉这不是地精性格，大家怎么看|1
1711954435|广东|6062052779|Tong6062052779|对，为了普帝生命能延续，每月几万士兵的生命不算什么！|1
1711959950|上海|1416708042|AK阿凯AK|例行春季征兵，21年22年都是13.4万，23年14.7万，24年15万。唉，数据调研起码做一下。|0
1711957239|广东|3234029150|远方的东方山|大俄这是第几轮征兵了？真当人力无穷啊。|1
1711957157|江苏|7559231259|银亿叁个斯果霉幺幺久舔舔果霉驻|每月损耗三万这……………|0
1711954745|湖北|6249220999|节奏扳道工|听说你美增加了对俄硝化纤维的出口|0
1711954039|湖北|6371492018|郑先生2026|你们老美自己没武器吧，小泽都抗不住了，你给点弹药怎么了，别小气啊|1
1711967001|辽宁|2608158551|Rorschar|两年战争，乌克兰才死三万人，经济增长5%，再打十年，俄罗斯还能抗住吗？优势在我，这仗要接着打。|0
1711993217|黑龙江|2175145185|远方的烛火|俄罗斯正常年度例行征兵，也不会去前线。乌克兰可是在到处抓壮丁。连美国国务院都质疑司机在故意隐瞒阵亡数据。|0
1711974902|江苏|6298572195|追忆剑雪封喉|会不会是欧美北约有意间慢慢的温水煮青蛙般的狡杀俄罗斯？|0
1711985568|浙江|2602580224|大大的MMMM|所以还是干他的钱袋子-炼油厂有效，在他们国家钱比人金贵。|0
1712075859|宁夏|1352695243|碌碌_82240|“给我二十年还你一个强大俄罗斯”是你吹的nb吧，你咋不说也是被🇺🇸逼得吹牛逼|1
1712088054|河南|3967231381|口味独特得很|“俄罗斯人最爱好和平”这句真好，屋里撒谎的不怕遭雷劈是吧？|0
1712083100|辽宁|3024807143|卐孙长卿卍|我好想知道我要和我媳妇说。是她逼迫我去的洗浴中心。她能打死我了吗？|1
1712078635|广东|7834068211|_7483849928|全球围殴普大帝的普鹅帝国一个，能叫世界大战？|1
1712079957|广东|7790299594|狂傲的狂生|//@_7483849928:全球围殴普大帝的普鹅帝国一个，能叫世界大战？|1
1712086233|山东|7732081971|夏天的影子15177|有点歇斯底里了|1
1712075865|山西|7817066419|漠漠202301|我们是为了和平才打人的|0
1712089919|四川|7857893713|始终不谙世事|上一个嘴炮了得是萨达姆的发言人。|0
1712092886|辽宁|7868600161|头衔多多|标子最需要贞洁|1
1712091320|湖南|7714500580|闲暇信步szj|这娘们一看就不是一个好人|1
1712079633|天津|6294930056|二立还是二里|哎你去欧区声援乌克兰去吧 自费 你还去吗|0
1712085029|新疆|7490726676|用户7490726676|如果当年希拉里当选，波罗申科会得到大量军援，乌东恐怖分子会被彻底击溃。|0
1712082316|广东|7813267539|用户7813267539|4月1日。大家知道什么节日|1
1712085315|新疆|7892591884|那时候还是很期待这首歌啊|俄逻辑就是强|0
1712088751|江苏|1031769205|威哥-勇往直前|谎话连篇|1
1712091888|河北|7485592158|天下大路行|转发微博|0
1712077967|广东|7911521215|一缕孤烟21|扎哈裸娃把赵长贵忽悠得来一句“美国情报就是个笑话＂。结果成了全世界笑话|0
1712077470|四川|1493019367|蓝色的亚德里亚海|俄罗斯养的哈巴狗真多|1
1712037313|山西|1988446383|湖海论命|丁丁这样干真的很好，必须的|1
1712030158|江苏|6193809410|西门吹穴666999|横竖都是死，早晚的事|0
1711964191|江苏|1752182902|成了个脱离了高级趣味的人|乌克兰国际武器试验场专由卧底普京免费特供活体|1
1711982457|江苏|1257870617|凡尘青竹|拿破仑，征莫斯科，一仗死亡46万|0
1711976962|江西|6767310171|我son姓胡|挺好的，俄罗斯男人打光了，到时候直接出兵和平接受丢失的外东北|0
1712048257|江苏|3323859654|萌萌的zsy|别人准备跟北约开打你说消耗大，你真当都在墙内混阿|0
1712081968|上海|2609789055|海月城|俄罗斯的兵源，那叫做 牲口兵。美国兵，那叫做爷爷兵。死掉再多的俄国牲口，也不影响大帝的统治，反而会加强统治。要是美国死个3万，闹翻天了。我也赞同把国内的俄罗斯粉丝，给征过去，少些麻烦，送去乌克兰当炮灰。|1
1712047686|北京|1001080143|万古长空心无间|再打半年，大帝就得抓紧推进落实提高妇女权利、保家卫国大局面前男女平权了|0
1711963534|云南|5539761032|村口一疯疯|黄鹅效忠的机会到了|1
1711968198|江苏|5639070952|海底稻草人|俄罗斯每月损耗兵力3万，未来三个月征兵15万，谁数学好，帮忙算一算，俄乌战争按照2年整计算，俄军在此期间共损耗多少兵力？且15万兵力能耗几个月，还需征兵多少万才能平安度过2024？|0
1711958943|河北|1270928605|常箐君|俄每年退役军人也是这么多吧|0
1712066750|江苏|6398315511|依依东望灬|乌克兰加油|0
1712002503|广东|2180441510|小磨外公|😄每月消耗3万多，增兵15万夠用半年了！|0
1712054803|广东|1986859150|当猴遇上狗|目前局势乌克兰应在加强防守的同时，增加袭击俄后援，包括打击克里米亚，重点是增大对俄本土炼油设施打击。这样既可以减少俄战争的财政支持，也可以推高油价，美帝的通胀也加剧，迫使美帝加大援助|0
1711954372|山东|1533569565|赵满福|大野心撑破小肚皮，尼古拉三世来了…|1
1711967392|江西|7698996297|亚古兽耳|前线无耗材地板男为了续命又要开始增炮灰|1
1711953446|山东|2713944707|小摩托维修工|白色恐怖|0
1711979405|湖南|2712088750|小球宝好|黄俄们很孝顺啊|1
1712009301|广东|3395466684|九里之龙|还是嘴硬|1
1711964726|内蒙古|7730735224|天天开开心心学习|炮灰攻略|0
1711956548|广东|6084296577|用户6084296577|胡说八道|1
1711957589|上海|7401786319|江之南85|博主评论火眼金睛|0
1711960274|山东|2209568767|浅浅而欢唱|这都是生命呀|0
1711955240|云南|2636622513|司机兔咖啡|正解|0
1712010694|安徽|7332205753|用户Lv7_Lv9|转发微博|0
1711954396|江苏|7885288359|静水流深可以用|补充四大主力|0
1711960882|上海|1863817714|呜哈哈哈维奇|吹牛逼不打草稿|1
1711957049|北京|7803975454|再向虎山行2022|此微博已被攻陷|0
1711957904|山东|3218563381|寄意寒星I|这不够半年的啊|0
1712052589|四川|5927084988|米黍WU|恐袭之后，普京就进签征兵命令 , 时机正好。以俄乌战场的残酷程度, 15万人不够打一年的消耗 , 如果乌克兰能咬着牙, 在动员出50到100万兵力 , 而且北约的军援持续不断 ,  乌克兰能够在两年内杀伤俄罗斯100万左右的青壮年 ,  即便俄罗斯最后能靠资源优势取得胜利 ,  胜利的俄罗斯也是一个残废的俄罗斯!|0
1712045807|山东|7034292268|WF_霏雨|蛾畜必亡！|1
1712045163|浙江|7276914757|0小虎087215|狗🐶子还真有，霉🐶|1
1711995677|江苏|7911116672|种牙匠徐乃伟|过几年一死，什么也不用管了|1
1711980441|河北|7786586233|用户7786586233|美帝的奴才|1
1711979366|湖南|2712088750|小球宝好|留言的傻B不少|1
1711974804|河南|1404011930|璞写-陈璞随想随写|15万人里有一半需要用在内部稳定上|0
1711969225|江苏|7908020145|Kevin在东京|普君至死不渝|1
1711956474|河南|5340120856|AAA锦衣夜行|:: 离天堂太远，离狗俄罗斯太近，狗俄罗斯的邻居没有一个不被咬的支离破碎，轻的割土地，重的灭国，谁能找出一个不被咬的邻居|1
1711956127|广东|6813775820|天高云淡风清心静|没事，俄罗斯耗材历史上从来不值钱。不死个一两百万，他们没事一样。乌拉!|1
